id	name	idmatch	namematch	ratio
73	Készman József	9909	Készman József 	97.00
148	Koroknai Zsolt	11400	Koroknai  Zsolt	97.00
345	Kerekes Gábor	2278	Kerekes Gábor)	96.00
345	Kerekes Gábor	392	Kerekes Gábor.	96.00
196	Nemes Csaba	11218	Nemes Csaba:	96.00
699	Kecskés Péter	10093	Kecskés Péter-	96.00
14673	Tomasz Piars	13721	Tomas Piars	96.00
17332	Schneller János	19635	Scneller János	97.00
1769	Mécs Miklós	6818	Mécs Miklós)	96.00
1469	Csiszér Zsuzsi	5003	Ciszér Zsuzsi	96.00
852	Kisspál Szabolcs	3329	Kispál Szabolcs	97.00
4095	Mátrai Erik	23086	Mátrai Erika	96.00
797	Szotyory László	25014	Szotyory László 	97.00
2350	Gróf Ferenc	4278	(Gróf Ferenc	96.00
86	Szász György	22487	zász György	96.00
6351	Jakatics-Szabó Veronika	18555	Jakatits-Szabó Veronika	96.00
6351	Jakatics-Szabó Veronika	13681	Jakatics Szabó Veronika	96.00
6351	Jakatics-Szabó Veronika	12504	Jakataics-Szabó Veronika	98.00
1759	Bullás József	22632	Bullás József 	96.00
1759	Bullás József	22222	Bullás József 	96.00
5135	Karácsonyi László	13087	Karácsony László	97.00
2239	Pataki Gábor	24540	PatakiGábor	96.00
369	Erőss István	5613	Erős István	96.00
265	Kőnig Frigyes	3959	Kőnig Figyes	96.00
4418	Frazon Zsófia	11330	Frazon Zsófi	96.00
144	Kopasz Tamás	12139	Kopasz Tamász	96.00
11944	Juhász Anna	18725	Juhász Annna	96.00
281	Károlyi Zsigmond	22583	Károlyi  Zsigmond	97.00
14731	Kútvölgyi-Szabó Áron	18722	Kútvölgyi­-Szabó Áron	98.00
307	Somogyi Zsófia	7451	Somogyi Zsófi	96.00
7693	Kishonthy Zsolt	21500	Kishonty Zsolt	97.00
7219	Szolnoki József	20976	Szolnoki József 	97.00
2645	Barabás Zsófi	6743	Barabás Zsófia	96.00
755	Csernus Tibor	3347	Csernuss Tibor	96.00
2205	ef Zámbó István	2625	efZámbó István	97.00
1336	Krizbai Sándor	6597	Krizbai  Sándor	97.00
674	Dr. Gálig Zoltán	890	Dr.Gálig Zoltán	97.00
9996	Szécsényi-Nagy Loránd	18723	Szécsényi­-Nagy Loránd	98.00
8068	Mátyási Péter	14715	Mátyás Péter	96.00
8068	Mátyási Péter	19443	Mátyás Péter	96.00
8068	Mátyási Péter	21325	Mátyás Péter	96.00
8068	Mátyási Péter	20751	Mátyás Péter	96.00
8068	Mátyási Péter	13035	Mátyás Péter	96.00
2864	Mayer Marianna	788	Mayer Mariann	96.00
528	Antal István	11811	Antall István	96.00
528	Antal István	7455	Antall István	96.00
453	Swierkiewicz Róbert	23827	Swierkiwicz Róbert	97.00
453	Swierkiewicz Róbert	21074	Swierkewicz Róbert	97.00
8249	Veszely Ferenc	17209	Vesely Ferenc	96.00
7116	Tóth Márton Emil	17302	Tóth Márton Emil.	97.00
3074	Pataki Gábor	24540	PatakiGábor	96.00
2010	Barakonyi Szabolcs	8275	Barakonyi  Szabolcs	97.00
250	Hermann Zoltán	23983	Herman Zoltán	96.00
65	Katona Zoltán	4514	KatonaZoltán	96.00
6076	Lucza Zsigmond	19359	Luca Zsigmond	96.00
15702	Szegedy-Maszák Zsuzsanna	18221	Szegedy-Maszak Zsuzsanna	96.00
11614	Pályi Zsófia	17608	Pályi Zsófi	96.00
1675	Nagy Gabriella	22213	Nagy Gabiella	96.00
8102	Rechnitzer Zsófi	7350	Rechnitzer Zsófia	97.00
4562	L. Simon László	5347	L.Simon László	97.00
4376	Navratil Judit	12819	Navratil Judit)	97.00
641	Juhász R. József	5822	Juhász R.József	97.00
418	P. Szabó Ernő	678	P Szabó Ernő	96.00
12293	Schneller János	19635	Scneller János	97.00
11662	Ázbej Kristóf	10990	Ázbej Krisóf	96.00
6946	P. Szabó Ernő	678	P Szabó Ernő	96.00
3727	N. Mészáros Júlia	7700	N.Mészáros Júlia	97.00
3727	N. Mészáros Júlia	9711	N.Mészáros Júlia	97.00
3241	Tóth Szilvi	3381	Tóth Szilvia	96.00
2689	Haris László	1999	Harris László	96.00
8224	Rabóczky Judit Rita	11540	Rabóczky Judit  Rita	97.00
7664	Pettendi Szabó Péter	7164	Pettendi SzabóPéter	97.00
2982	Kovács Lehel	331	Kokvács Lehel	96.00
547	Mengyán András	23814	Megyán András	96.00
197	Szépfalvi Ágnes	3595	zépfalvi Ágnes	97.00
10294	Pacsika Márton	17496	Pcsika Márton	96.00
8071	Pinczés József	10063	Pincés József	96.00
3915	Készman József	9909	Készman József 	97.00
3315	Farkas Zsófia	8125	Farkas Zsófi	96.00
2625	efZámbó István	6087	ef Zámbó István	97.00
2625	efZámbó István	22900	ef Zámbó István	97.00
2625	efZámbó István	18581	ef Zámbó István	97.00
2625	efZámbó István	1472	ef.Zámbó István	97.00
962	Drozdik Orshi	8896	Drozdik Orsi	96.00
84	Orosz Csaba	5989	Oroszy Csaba	96.00
10388	Erdész László	12163	Erdész Lászó	96.00
10160	Solt András	22482	Solti András	96.00
10160	Solt András	12788	Solti András	96.00
6000	Kárpáti Tibor	8562	Kártpáti Tibor	96.00
4651	Miklós Hajnal	4822	Mikós Hajnal	96.00
4318	Katharina Roters	10837	Katarina Roters	97.00
3719	Tillmann József	15050	Tillmann  József	97.00
1874	Katarina Sevic	21464	Katrina Sevic	96.00
378	Gellér B. István	9286	Gellér B.István	97.00
16710	Demeter Dávid	21349	Demeter Dávidi	96.00
10209	Jagicza Patrícia	12461	Jagicza Parícia	97.00
6266	Baráth Fábián	9033	Barát Fábián	96.00
3965	Boros Miklós János	19720	Boros Mik­lós János	97.00
3133	Ilona Keserü Ilona	3504	-Ilona Keserü Ilona	97.00
2274	Mata Attila	1163	Matta Attila	96.00
1201	Gajzágó Donáta	8106	Gajzágó Donát	96.00
17154	Bencze Péter	19263	Bence Péter	96.00
11204	Csernátony Lukács László	6639	Csernatony Lukács László	96.00
6553	Zádor Tamás	9116	Zádor Tamás.	96.00
5945	Frankl Aliona	5583	Frank Aliona	96.00
1200	Kótai Tamás	18688	Kóütai Tamás	96.00
1188	Szepes Hédi	19694	Szepesi Hédi	96.00
1029	Ütő Gusztáv	18856	Ütő Gusz­táv	96.00
13442	Kákóczki András	16848	Kákóczi András	97.00
9729	Kákóczki András	16848	Kákóczi András	97.00
5989	Oroszy Csaba	6869	Orosz Csaba	96.00
5867	Ladjánszki Márta	18153	Ladjánszki  Márta	97.00
5445	Büki Zsuzsanna	14740	Bükki Zsuzsanna	97.00
5429	Barbara Kruger	3707	Barbara Kruge	96.00
4644	Fáskerti Zsófia	5132	Fáskerti Zsófi	97.00
1985	Juhász Dóra	19742	Ju­hász Dóra	96.00
239	Havas Bálint	3561	Havas Bálint)	96.00
15839	Básthy Ágnes	19851	Básty Ágnes	96.00
14418	Bánfi Brigitta	13717	Bánffi Brigitta	97.00
11936	Széchy Beáta	24404	Széchy Beáta 	96.00
9033	Barát Fábián	18027	Baráth Fábián	96.00
8941	Szirányi István	8940	Szirányi Istvá	97.00
5138	Nádudvari Noémi	11784	Nádudvari Noémi-	97.00
3559	Kisspál Szabolcs	3329	Kispál Szabolcs	97.00
1068	S. Nagy Katalin	7973	S.Nagy Katalin	97.00
568	Lábass Endre	18621	Lá­bass Endre	96.00
568	Lábass Endre	449	Lábas Endre	96.00
501	Pőcze Attila	536	Pőcze Atila	96.00
23	Borsos Miklós	8627	Boros Miklós	96.00
19547	Szilágyi Zsófia Júlia	24646	Szilágyi Zsófia Júia	98.00
15984	Koroknai Zsolt	11400	Koroknai  Zsolt	97.00
14715	Mátyás Péter	23886	Mátyási Péter	96.00
14715	Mátyás Péter	23015	Mátyási Péter	96.00
13906	Mihályi Barbara	16809	Mihályi Barabara	97.00
13115	Konkoly Ágnes	11508	Konkoly Ágnes-	96.00
9150	Gyarmathy Tihamér	17191	Gyarmathy Tihamé	97.00
7365	Pittmann Zsófi	19747	Pittmann Zsófia	97.00
7350	Rechnitzer Zsófia	7716	Rechnitzer Zsófi	97.00
6471	Hafner Mónika	10788	Hafner Mónia	96.00
2503	Saxon-Szász János	21526	Szaxon-Szász János	97.00
1658	Frey Krisztián	9497	Frey Kriszián	96.00
18144	Sivák Zsófia	22720	Sivák Zsófi	96.00
13484	Kántor József	21033	Kántor Jósef	96.00
13431	Bp. Szabó György	9672	Bp.Szabó György	97.00
12993	Kincses Károly fotómuzeológus	16502	Kincses Károly fotómúzeológus	97.00
12993	Kincses Károly fotómuzeológus	7333	Kincses Károly  fotómuzeológus	98.00
10696	Kiss Tanne István	12193	Kiss Tanne Isván	97.00
9944	Palman Zsuzsi	12505	Palmann Zsuzsi	96.00
8774	Frazon Zsófia	11330	Frazon Zsófi	96.00
8095	Erős Ágost Koppány	22589	Erőss Ágost Koppány	97.00
6795	Ézsiás István	13407	Ézsaiás István	96.00
6390	Balogh Krisztián	20090	Balog Krisztián	97.00
5082	Blaha Tamás	9065	Balaha Tamás	96.00
3710	Roy Lichtenstein	24680	Roy Liechtenstein	97.00
2354	Balás Eszter	11493	Balázs Eszter	96.00
2331	Ferencz S. Apor	3882	Ferenc S. Apor	97.00
2331	Ferencz S. Apor	19463	Ferencz S Apor	97.00
1279	Ghyczy Dénes	24444	Ghyczy Dénesh	96.00
1279	Ghyczy Dénes	3348	Gyczy Dénes	96.00
639	Pásztor Erika Katalina	7279	Pásztor Erika Katalin	98.00
331	Kokvács Lehel	19745	Kovács Lehel	96.00
71	Turányi Gábor	2953	-Turányi Gábor	96.00
23463	Voytenko Ganna	23293	Voytenko Ghanna	97.00
20120	Soltész Melinda	23329	Soltész  Melinda	97.00
19443	Mátyás Péter	23886	Mátyási Péter	96.00
19443	Mátyás Péter	23015	Mátyási Péter	96.00
18725	Juhász Annna	12571	Juhász Anna	96.00
18725	Juhász Annna	22097	Juhász Anna	96.00
17194	Kecskés Péter	10093	Kecskés Péter-	96.00
16964	Kiss Adrian	20899	Kiss Adrián	96.00
13909	Seemann Adrienn	16608	Semann Adrienn	97.00
13601	Kaplár F. Krisztina	14501	Kaplár F.Krisztina	97.00
13489	Repászki Ferenc	24476	Repászki  Ferenc	97.00
13489	Repászki Ferenc	23991	Repászki  Ferenc	97.00
12130	Gál Krisztián	15140	Gaál Krisztián	96.00
11995	Kusnyár Eveline	11974	Kusnyár Evelin	97.00
11493	Balázs Eszter	6733	Balás Eszter	96.00
10574	Agnes von Uray	11538	Ages von Uray	96.00
9440	Tehnica Schweiz	16250	Technica Schweiz	97.00
8544	Szunyoghy Viktória	4672	Szunyoghy  Viktória	97.00
8366	Lengyel Péter	19726	Len­gyel Péter	96.00
8003	Péterfy Gergely	19889	Péterffy Gergely	97.00
6759	Pézman Andrea	24056	Pézmann Andrea	96.00
5909	Hermann Nitsch	7224	Herman Nitsch	96.00
5889	Erőss István	5613	Erős István	96.00
5431	Tillmann J.A.	3787	Tillmann J. A.	96.00
5431	Tillmann J.A.	17961	Tillmann J. A.	96.00
5431	Tillmann J.A.	10180	Tillmann J. A.	96.00
5431	Tillmann J.A.	15542	Tillmann J. A.	96.00
5431	Tillmann J.A.	18622	Tillmann J. A.	96.00
5431	Tillmann J.A.	12950	Tillman J.A.	96.00
5431	Tillmann J.A.	9503	Tillmann J. A.	96.00
4616	Nemes Csaba	11218	Nemes Csaba:	96.00
4296	Szepes Hédi	19694	Szepesi Hédi	96.00
4110	Miklya Gábor	19729	Mik­lya Gábor	96.00
598	Bakács Tibor Settenkedő	3499	Bakáts Tibor Settenkedő	96.00
21979	Böjte Horváth István	21115	Böjte; Horváth István	98.00
21464	Katrina Sevic	6132	Katarina Sevic	96.00
20591	Lucza Zsigmond	19359	Luca Zsigmond	96.00
20589	Horváth Helén Sára	8238	Horvát Helén Sára	97.00
18800	Horváth Helén Sára	8238	Horvát Helén Sára	97.00
17849	Sztefanu Marina	17469	Sztefanu Mariana	97.00
17200	Mengyán András	23814	Megyán András	96.00
16266	Szolnoki József	20976	Szolnoki József 	97.00
15973	Büki Zsuzsanna	14740	Bükki Zsuzsanna	97.00
15288	Reischl Szilvia	7561	Reischl Szilvi	97.00
14401	Konkoly Ágnes	11508	Konkoly Ágnes-	96.00
12876	Kemény Zsófi	20550	Kemény Zsófia	96.00
12790	Tasnádi Szandra	24984	Tasnádi Szadra	97.00
11811	Antall István	22167	Antal István	96.00
10774	Müllner András	6793	-Müllner András	97.00
8307	Meggyes László Vendel	18283	Megyes László Vendel	98.00
8125	Farkas Zsófi	13962	Farkas Zsófia	96.00
7881	Hudra Klára	5969	-Hudra Klára	96.00
7455	Antall István	22167	Antal István	96.00
7303	Philippe Brame	19041	Phillippe Brame	97.00
6981	Hajdu István	3068	Hajdu István:	96.00
5984	Zirczi Judit	22707	Zirci Judit	96.00
5061	Herczeg László	283	Herceg László	96.00
4885	Janáky István	13200	+Janáky István	96.00
4407	Békési László	9931	Békési Lászó	96.00
4109	Kuti László	19725	Kuti Lász­ló	96.00
3787	Tillmann J. A.	2779	Tillman J. A.	96.00
3787	Tillmann J. A.	21839	Tilmann J. A.	96.00
3787	Tillmann J. A.	6176	Tillmann J.A.	96.00
3378	Sz. Szilágyi Gábor	11814	Sz.Szilágyi Gábor	97.00
3287	Balázs Imre Barna	19735	Ba­lázs Imre Barna	97.00
3178	Bullás József	22632	Bullás József 	96.00
3178	Bullás József	22222	Bullás József 	96.00
959	Langh Róbert	1796	Lang Róbert	96.00
788	Mayer Mariann	19939	Mayer Marianna	96.00
788	Mayer Mariann	2027	Mayer Marian	96.00
470	Francoise Gilot	2434	Francoise Gillot	97.00
189	Készman József	9909	Készman József 	97.00
119	Michal Kolecek	1525	Michail Kolecek	97.00
23753	Kiss Adrian	20899	Kiss Adrián	96.00
23157	Koroknai Zsolt	11400	Koroknai  Zsolt	97.00
22410	N. Mészáros Júlia	7700	N.Mészáros Júlia	97.00
22410	N. Mészáros Júlia	9711	N.Mészáros Júlia	97.00
22375	Ferencz S. Apor	3882	Ferenc S. Apor	97.00
22375	Ferencz S. Apor	19463	Ferencz S Apor	97.00
22323	Somogyi-Rohonczy Zsófia	15445	Somogyi-Rohonczy Zsófi	98.00
22323	Somogyi-Rohonczy Zsófia	11296	Somogyi Rohonczy Zsófia	96.00
21716	Kovács Tibor	16399	Kovácsy Tibor	96.00
21325	Mátyás Péter	23886	Mátyási Péter	96.00
21325	Mátyás Péter	23015	Mátyási Péter	96.00
21230	Ázbej Kristóf	10990	Ázbej Krisóf	96.00
20854	Szász György	22487	zász György	96.00
20668	Sajnos Gergely	21249	Sajnos Gegely	96.00
20429	Julije Knifer	10836	Julie Knifer	96.00
20344	Kosinsky Richárd	22059	Kosinszky Richárd	97.00
20193	Gróf Ferenc	4278	(Gróf Ferenc	96.00
19828	Pettendi Szabó Péter	7164	Pettendi SzabóPéter	97.00
18229	Ifj. Koffán Károly	13485	Ifj.  Koffán Károly	97.00
18162	Wrobel Péter	13492	Wrobel  Péter	96.00
18053	Szotyory László	25014	Szotyory László 	97.00
17961	Tillmann J. A.	2779	Tillman J. A.	96.00
17961	Tillmann J. A.	21839	Tilmann J. A.	96.00
17961	Tillmann J. A.	6176	Tillmann J.A.	96.00
16598	Kishonthy Zsolt	21500	Kishonty Zsolt	97.00
16194	Nemes Csaba	11218	Nemes Csaba:	96.00
15928	Gadányi Jenő	22108	Gadányi Jenő 	96.00
15928	Gadányi Jenő	21905	Gadány Jenő	96.00
15286	Kozák Zsuzska	18422	Kozák Zsuzsa	96.00
15286	Kozák Zsuzska	17384	Kozák Zsuska	96.00
13824	Kiss Gábor Attila	18703	Kis Gábor Attila	97.00
13302	Derek Michael Besant	12283	Derek  Michael Besant	98.00
11060	Csiszér Zsuzsi	5003	Ciszér Zsuzsi	96.00
10732	Tóth Márton Emil	17302	Tóth Márton Emil.	97.00
10621	Kerekes Gábor	2278	Kerekes Gábor)	96.00
10621	Kerekes Gábor	392	Kerekes Gábor.	96.00
10180	Tillmann J. A.	2779	Tillman J. A.	96.00
10180	Tillmann J. A.	21839	Tilmann J. A.	96.00
10180	Tillmann J. A.	6176	Tillmann J.A.	96.00
9880	Veszprémi Sára	21424	Vesprémi Sára	96.00
9103	Baranyai (b) András	8685	Baranyi (b) András	97.00
8407	Podmaniczky Szilárd	10268	Pdmaniczky Szilárd	97.00
7647	Erőss István	5613	Erős István	96.00
7451	Somogyi Zsófi	4158	Somogyi Zsófia	96.00
6743	Barabás Zsófia	2404	Barabás Zsófi	96.00
5568	Földesi Barnabás	17750	Földes Barnabás	97.00
4638	Hudra Klára	5969	-Hudra Klára	96.00
4615	Mécs Miklós	6818	Mécs Miklós)	96.00
4353	Sz. Szilágyi Gábor	11814	Sz.Szilágyi Gábor	97.00
3837	Baróthy Anna	19719	Baró­thy Anna	96.00
3676	Horváth Levente	5983	Horvát Levente	97.00
3062	Meggyes László	18282	Megyes László	96.00
2855	Mohácsi András	18754	Mohács András	96.00
2517	Andreas Gursky	4010	Anreas Gursky	96.00
937	Litván Gábor	1973	Liván Gábor	96.00
113	Nemes Judith	23767	Nemes Judit	96.00
113	Nemes Judith	14131	Nemes Judit	96.00
51	Ütő Gusztáv	18856	Ütő Gusz­táv	96.00
49	Szász György	22487	zász György	96.00
35	Kisspál Szabolcs	3329	Kispál Szabolcs	97.00
24314	Kerekes Gábor	2278	Kerekes Gábor)	96.00
24314	Kerekes Gábor	392	Kerekes Gábor.	96.00
23911	Hajdu István	3068	Hajdu István:	96.00
23048	Piergiorgio Zangara	13245	Piergiorgo Zangara	97.00
22504	Zuzanna Zurbolová	17246	Zuzana Zurbolová	97.00
22496	Kelemen Bíborka	24722	Kelement Bíborka	97.00
22240	Szegedy-Maszák Zsuzsanna	18221	Szegedy-Maszak Zsuzsanna	96.00
21957	Ilés-Muszka Rudolf	18931	Illés-Muszka Rudolf	97.00
21671	Ozsváth Sára	23397	Ozsvát Sára	96.00
21578	Kántor József	21033	Kántor Jósef	96.00
21559	Tóth Zsuzsanna	10239	Tóth Zsuzsann	96.00
21511	Holló István	8135	Hollós István	96.00
21489	Varga Balázs	24393	Vargha Balázs	96.00
21284	Szekeres Alexandra	21798	Szekeres Alexanra	97.00
21086	Orgoványi Gábor	24580	Orgoványi Gbor	97.00
20791	Pézman Andrea	24056	Pézmann Andrea	96.00
20684	Lieber Erzsébet	24508	Lieber Erzsébert	97.00
20239	Repászki Ferenc	24476	Repászki  Ferenc	97.00
20239	Repászki Ferenc	23991	Repászki  Ferenc	97.00
19904	Maros Krisztina	2483	Marosi Krisztina	97.00
19696	D. Udvary Ildikó	24151	Dr. Udvary Ildikó	97.00
19696	D. Udvary Ildikó	11661	D.Udvary Ildikó	97.00
19403	Varga Balázs	24393	Vargha Balázs	96.00
18569	Kútvölgyi-Szabó Áron	18722	Kútvölgyi­-Szabó Áron	98.00
17291	Oravecz Tímea	6080	Oravecz Tíme	96.00
17263	Dr. Keserü Katalin	2056	Dr.Keserü Katalin	97.00
17246	Zuzana Zurbolová	24156	Zuzana Zurbolová 	97.00
17004	Bene Zsuzsanna	17478	Bende Zsuzsanna	97.00
16737	Tomasz Piars	13721	Tomas Piars	96.00
16388	Simonyi Emő	3092	Simonyi Emő.	96.00
15946	Random! csoport	20336	Random csoport	97.00
15861	Erőss István	5613	Erős István	96.00
15726	Pap Emese Dorottya	17176	Pap Emese Dorotya	97.00
15542	Tillmann J. A.	2779	Tillman J. A.	96.00
15542	Tillmann J. A.	21839	Tilmann J. A.	96.00
15542	Tillmann J. A.	6176	Tillmann J.A.	96.00
15201	Csernus Tibor	3347	Csernuss Tibor	96.00
14315	Kelemen Marcel	1391	Kelemen Marcell	97.00
13944	Kerstin Franke-Gneuss	21110	Kerstin Franke-Gneusss	98.00
13904	Erdős Zsófi	15393	Erdős Zsófia	96.00
13721	Tomas Piars	23000	Tomasz Piars	96.00
13721	Tomas Piars	21198	Tomasz Piars	96.00
12640	Dr. Dobrik István	13848	Dr.Dobrik István	97.00
12239	Vitaly Pushnitsky	10874	Vitaly Pushnitky	97.00
11612	Lukács Andrea	8987	Lukácsi Andrea	96.00
11564	Ungváry Krisztián	20489	Ungváry Krisztián 	97.00
11448	Müllner Péter	2015	Müller Péter	96.00
11394	Bernáthy Sándor	14813	Bernáth/y Sándor	97.00
11354	Kőnig Frigyes	3959	Kőnig Figyes	96.00
10997	Horváth Zsófia	7672	Horváth Zsófi	96.00
10994	Ungváry Krisztián	20489	Ungváry Krisztián 	97.00
10517	Hecher / Keim / Koronczi	10527	Hecher / Keim/ Koronczi	98.00
10331	Kornis Mihály	2099	Korniss Mihály	96.00
10249	Szász György	22487	zász György	96.00
9370	Szegedy-Maszák Zsuzsanna	18221	Szegedy-Maszak Zsuzsanna	96.00
9256	Koszta József	22419	Koszt József	96.00
8988	Molnári Mariann	9067	Molnár Mariann	97.00
8672	Delaine Le Bas	17399	Delaine LeBas	96.00
8663	Dr. Baán László	954	Dr.Baán László	97.00
8510	Mata Attila	1163	Matta Attila	96.00
8446	Kőnig Frigyes	3959	Kőnig Figyes	96.00
8192	Vollmuth Krisztián	6524	Volmuth Krisztián	97.00
8192	Vollmuth Krisztián	3786	Vollmut Krisztián	97.00
8168	Hajdu István	3068	Hajdu István:	96.00
8135	Hollós István	24333	Holló István	96.00
8135	Hollós István	23655	Holló István	96.00
7992	Magyar Képzőművészeti Egyetem	14669	(Magyar Képzőművészeti Egyetem)	97.00
7425	Helmut Kandl	19586	Helmuth Kandl	96.00
7337	Készman József	9909	Készman József 	97.00
7128	Bereczky Loránd	4257	Bereczky Loránd-	97.00
6706	Bodó N Sándor	6199	Bodó N. Sándor	96.00
6653	Csordás Gábor	5833	Csordás Gábor-	96.00
6576	Vlad Morariu	19676	Vlad Morarium	96.00
5749	Mata Attila	1163	Matta Attila	96.00
5680	Mata Attila	1163	Matta Attila	96.00
4958	P. Szabó Ernő	678	P Szabó Ernő	96.00
4918	Szili Katalin	3244	Szil Katalin	96.00
4681	Katkó Tamás	4883	-Katkó Tamás	96.00
10783	Kísérleti Pop-Performance Csoport	12222	Kisérleti Pop-Performance Csoport	97.00
4037	Keserue Zsolt	1978	Kerserue Zsolt	96.00
3993	Michal Kolecek	1525	Michail Kolecek	97.00
3984	Vincze Angéla	23388	Vince Angéla	96.00
3967	Falvay Miklós.	4442	Falvay Miklós	96.00
3329	Kispál Szabolcs	2609	Kisspál Szabolcs	97.00
3329	Kispál Szabolcs	18105	Kisspál Szabolcs	97.00
3329	Kispál Szabolcs	16854	Kisspál Szabolcs	97.00
3329	Kispál Szabolcs	16190	Kisspál Szabolcs	97.00
3329	Kispál Szabolcs	3107	Kisspál Szabolcs	97.00
3163	Dr. Gálig Zoltán	890	Dr.Gálig Zoltán	97.00
2976	Bodoni D. Zsolt	3681	Bodoni D.Zsolt	97.00
2891	Hajdu István	3068	Hajdu István:	96.00
2779	Tillman J. A.	18622	Tillmann J. A.	96.00
2779	Tillman J. A.	12950	Tillman J.A.	96.00
2779	Tillman J. A.	9503	Tillmann J. A.	96.00
2242	Mohácsi András	18754	Mohács András	96.00
1974	Kerekes Gábor	2278	Kerekes Gábor)	96.00
1974	Kerekes Gábor	392	Kerekes Gábor.	96.00
1888	Csordás Gábor	5833	Csordás Gábor-	96.00
1772	Váradi Zsófi	7256	Váradi Zsófia	96.00
1066	Tenke István	18021	Tenk István	96.00
210	Janáky István	13200	+Janáky István	96.00
2	Ef Zámbó István	10508	Ef. Zámbó István	97.00
25278	Kiss-Kuntler Árpád	22316	Kiss-Kunter Árpád	97.00
25278	Kiss-Kuntler Árpád	11581	Kis-Kuntler Árpád	97.00
25255	Krizbai Sándor	6597	Krizbai  Sándor	97.00
25151	Dr. Udvardy Ildikó	24151	Dr. Udvary Ildikó	97.00
25014	Szotyory László 	24775	Szotyory László	97.00
24932	Bereznay Péter	6596	Berznay Péter	96.00
24809	Dr. György Péter	10164	Dr György Péter	97.00
24757	Tenke István	18021	Tenk István	96.00
24745	Szirányi István	8940	Szirányi Istvá	97.00
24680	Roy Liechtenstein	17950	Roy Lichtenstein	97.00
24668	Ladjánszki Márta	18153	Ladjánszki  Márta	97.00
24667	Koroknai Zsolt	11400	Koroknai  Zsolt	97.00
24655	Lantos Csenge	20303	Lantos Csnge	96.00
24646	Szilágyi Zsófia Júia	24235	Szilágyi Zsófia Júlia	98.00
24598	Zirczi Judit	22707	Zirci Judit	96.00
24591	Hubert Sielecki	19649	Huber Sielecki	97.00
24580	Orgoványi Gbor	21094	Orgoványi Gábor	97.00
24560	Faltisz Alexandra	19256	Faltis Alexandra	97.00
24549	Kőnig Frigyes	3959	Kőnig Figyes	96.00
24540	PatakiGábor	4974	Pataki Gábor	96.00
24531	Varga Balázs	24393	Vargha Balázs	96.00
24508	Lieber Erzsébert	23812	Lieber Erzsébet	97.00
24480	Soltész Melinda	23329	Soltész  Melinda	97.00
24465	Széchy Beáta	24404	Széchy Beáta 	96.00
24442	Koroknai Zsolt	11400	Koroknai  Zsolt	97.00
24420	Ilés-Muszka Rudolf	18931	Illés-Muszka Rudolf	97.00
24404	Széchy Beáta 	23993	Széchy Beáta	96.00
24404	Széchy Beáta 	17606	Széchy Beáta	96.00
24127	Cakó Ferenc	6782	Czakó Ferenc	96.00
24076	Kovács Tibor	16399	Kovácsy Tibor	96.00
24056	Pézmann Andrea	18691	Pézman Andrea	96.00
24014	Hanna Schimek	21874	Hanna Schimeck	96.00
24014	Hanna Schimek	21872	Hanna Schimeck	96.00
23983	Herman Zoltán	4978	Hermann Zoltán	96.00
23948	Készman József	9909	Készman József 	97.00
23938	Kántor József	21033	Kántor Jósef	96.00
23886	Mátyási Péter	20751	Mátyás Péter	96.00
23886	Mátyási Péter	13035	Mátyás Péter	96.00
23882	Kopasz Tamás	12139	Kopasz Tamász	96.00
23827	Swierkiwicz Róbert	20759	Swierkiewicz Róbert	97.00
23807	Ifj. Koffán Károly	13485	Ifj.  Koffán Károly	97.00
23798	Gellér B. István	9286	Gellér B.István	97.00
23775	Szegedy-Maszák Zsuzsanna	18221	Szegedy-Maszak Zsuzsanna	96.00
23689	Kecskés Péter	10093	Kecskés Péter-	96.00
23599	Agnes von Uray	11538	Ages von Uray	96.00
23595	Karácsonyi László	13087	Karácsony László	97.00
23588	Konopás Judit Emese	18876	Konoás Judit Emese	97.00
23540	Barakonyi Szabolcs	8275	Barakonyi  Szabolcs	97.00
23443	dr. Feledy Balázs	22943	dr Feledy Balázs	97.00
23389	Somogyi-Rohonczy Zsófia	15445	Somogyi-Rohonczy Zsófi	98.00
23389	Somogyi-Rohonczy Zsófia	11296	Somogyi Rohonczy Zsófia	96.00
23388	Vince Angéla	21724	Vincze Angéla	96.00
23258	Bencs Dániel	21945	Bencsi Dániel	96.00
23146	Nemes Csaba	11218	Nemes Csaba:	96.00
23133	Juhász R. József	5822	Juhász R.József	97.00
23086	Mátrai Erika	20215	Mátrai Erik	96.00
23015	Mátyási Péter	20751	Mátyás Péter	96.00
23015	Mátyási Péter	13035	Mátyás Péter	96.00
22943	dr Feledy Balázs	22737	dr. Feledy Balázs	97.00
22903	Károlyi Zsigmond	22583	Károlyi  Zsigmond	97.00
22898	Csernus Tibor	3347	Csernuss Tibor	96.00
22851	Koroknai Zsolt	11400	Koroknai  Zsolt	97.00
22752	Balogh Gallusz	22615	Balogh Gallus	96.00
22727	Tóth Márton Emil	17302	Tóth Márton Emil.	97.00
22711	Jakatics-Szabó Veronika	18555	Jakatits-Szabó Veronika	96.00
22711	Jakatics-Szabó Veronika	13681	Jakatics Szabó Veronika	96.00
22711	Jakatics-Szabó Veronika	12504	Jakataics-Szabó Veronika	98.00
7916	Plágium 2000	9522	Plágium2000	96.00
7916	Plágium 2000	7139	Plágium 200	96.00
22644	Bereczky Loránd	4257	Bereczky Loránd-	97.00
22583	Károlyi  Zsigmond	8541	Károlyi Zsigmond	97.00
22471	Domonkos Ágnes	18066	Domokos Ágnes	96.00
22419	Koszt József	19998	Koszta József	96.00
22395	Nagy Gabriella	22213	Nagy Gabiella	96.00
22283	Pettendi Szabó Péter	7164	Pettendi SzabóPéter	97.00
22223	Agnes von Uray	11538	Ages von Uray	96.00
22213	Nagy Gabiella	20979	Nagy Gabriella	96.00
22198	Frazon Zsófia	11330	Frazon Zsófi	96.00
22184	Perlaki  Márton	18559	Perlaki Márton	97.00
22178	Németh Kristián	8504	Németh Krisztián	97.00
22134	Blaskó János 	21915	Blaskó János	96.00
22134	Blaskó János 	21904	Blaskó János	96.00
22108	Gadányi Jenő 	21913	Gadányi Jenő	96.00
22085	Rabóczky Judit Rita	11540	Rabóczky Judit  Rita	97.00
22063	Hajdu István	3068	Hajdu István:	96.00
22053	Erőss István	5613	Erős István	96.00
22045	Ungváry Krisztián	20489	Ungváry Krisztián 	97.00
21913	Gadányi Jenő	21905	Gadány Jenő	96.00
21839	Tilmann J. A.	18622	Tillmann J. A.	96.00
21839	Tilmann J. A.	9503	Tillmann J. A.	96.00
21743	Básthy Ágnes	19851	Básty Ágnes	96.00
21603	Wrobel Péter	13492	Wrobel  Péter	96.00
21584	Ifj. Koffán Károly	13485	Ifj.  Koffán Károly	97.00
21547	Nem’s Judit	14279	Nem’s Judith	96.00
21500	Kishonty Zsolt	9631	Kishonthy Zsolt	97.00
21349	Demeter Dávidi	19638	Demeter Dávid	96.00
21161	Kútvölgyi-Szabó Áron	18722	Kútvölgyi­-Szabó Áron	98.00
21078	Fatis Alexandra	19256	Faltis Alexandra	97.00
21074	Swierkewicz Róbert	20759	Swierkiewicz Róbert	97.00
20978	Péterfy Gergely	19889	Péterffy Gergely	97.00
20976	Szolnoki József 	7699	Szolnoki József f	97.00
20974	Katharina Roters	10837	Katarina Roters	97.00
20872	Tom McCarthy: Spotlight	20514	Tom McCarthy:  Spotlight	98.00
20856	Szegedy-Maszák Zsuzsanna	18221	Szegedy-Maszak Zsuzsanna	96.00
20817	Keserue Zsolt	1978	Kerserue Zsolt	96.00
20734	Michaela Holotová-Bodnárová	19254	Michaela Holotová Bodnárová	96.00
20702	Szegedy-Maszák Zsuzsanna	18221	Szegedy-Maszak Zsuzsanna	96.00
20660	Nemes Csaba	11218	Nemes Csaba:	96.00
20637	Benyovszky-Szűcs Domonkos	13057	Benyovszky Szűcs Domonkos	96.00
20353	Hubert Sielecki	19649	Huber Sielecki	97.00
20322	Keserue Zsolt	1978	Kerserue Zsolt	96.00
20294	Meszlényi Károly	10980	Meszlényi  Károly	97.00
20176	Györffy Miklós	18824	Györffy Mikós	96.00
20100	Kőnig Frigyes	3959	Kőnig Figyes	96.00
9708	Tehnica Schweiz	16250	Technica Schweiz	97.00
8294	Tehnica Schweiz	16250	Technica Schweiz	97.00
20028	Kőnig Frigyes	3959	Kőnig Figyes	96.00
19895	Györffy Miklós	18824	Györffy Mikós	96.00
19889	Péterffy Gergely	18627	Péterfy Gergely	97.00
19872	Farkas Róbert	11906	Farkash Róbert	96.00
19847	Kozák Zsuzsanna	10393	Kozák Zsuzsann	97.00
19747	Pittmann Zsófia	18808	Pittmann Zsófi	97.00
19742	Ju­hász Dóra	17660	Juhász Dóra	96.00
19719	Baró­thy Anna	15403	Baróthy Anna	96.00
19660	Mécs Miklós	6818	Mécs Miklós)	96.00
19473	Christoph Girardet	618	Christoph Giradet	97.00
19467	Erőss István	5613	Erős István	96.00
19365	Vécsei Juli	9137	Vécsei Julia	96.00
19251	John K. Grande	18620	John K. Gran­de	97.00
19232	Jakatics-Szabó Veronika	18555	Jakatits-Szabó Veronika	96.00
19232	Jakatics-Szabó Veronika	13681	Jakatics Szabó Veronika	96.00
19232	Jakatics-Szabó Veronika	12504	Jakataics-Szabó Veronika	98.00
19231	Tóth Márton Emil	17302	Tóth Márton Emil.	97.00
19230	Haris László	1999	Harris László	96.00
19166	Törteli Lilla	17127	Törtelli Lilla	96.00
19057	Erőss István	5613	Erős István	96.00
18993	Gábor Tamás Indianaa	15247	Gábor Tamás Indiana	97.00
18778	Spengler Katalin művészeti	8715	Spengler Katalin  művészeti	98.00
18754	Mohács András	6542	Mohácsi András	96.00
18687	Jakatics-Szabó Veronika	18555	Jakatits-Szabó Veronika	96.00
18687	Jakatics-Szabó Veronika	13681	Jakatics Szabó Veronika	96.00
18687	Jakatics-Szabó Veronika	12504	Jakataics-Szabó Veronika	98.00
18622	Tillmann J. A.	6176	Tillmann J.A.	96.00
18592	Cséfai Györgyi	13843	Cséffai Györgyi	97.00
18468	Mécs Miklós	6818	Mécs Miklós)	96.00
18454	ifj. Szlávics László	11307	ifj.Szlávics László	97.00
18283	Megyes László Vendel	8031	Meggyes László Vendel	98.00
18161	Müllner András	6793	-Müllner András	97.00
18153	Ladjánszki  Márta	17866	Ladjánszki Márta	97.00
18104	Juhász R. József	5822	Juhász R.József	97.00
18011	Seemann Adrienn	16608	Semann Adrienn	97.00
17790	Konkoly Ágnes	11508	Konkoly Ágnes-	96.00
17751	Magyar Mónika	4598	Magyari Mónika	96.00
17608	Pályi Zsófi	17222	Pályi Zsófia	96.00
17608	Pályi Zsófi	15494	Pályi Zsófia	96.00
17534	Müllner András	6793	-Müllner András	97.00
17125	Bóbics Dianna	4369	Bóbics Diana	96.00
16665	Akademia Sztuk Pięknych im Jana Matejki w Krakowie	11318	Akademia Sztuk Piêknych im. Jana Matejki w Krakowie	97.00
16653	Turányi Gábor	2953	-Turányi Gábor	96.00
16597	a Kitchen Budapest alapító csapatának tagja	16587	a Kitchen Budapest alapító csapatának tagjával	97.00
16596	Nemes Attila kulturális közvetítő	16585	Nemes Attila kulturális közvetítővel	96.00
16576	Dr. Pogány Gábor	3876	Dr Pogány Gábor	97.00
16501	Őexcellenciája Gajus Scheltema a  Holland Királyság Budapesti  Nagykövete	14399	Őexcellenciája Gajus Scheltema a Holland Királyság Budapesti Nagykövete	99.00
16280	Hajdu István főszerkesztő	3553	Hajdú István főszerkesztő	96.00
16255	kultúrakutató	14069	kultúrakutató)	96.00
15814	Baji Miklós Zoltán BMZ	14626	Baji Miklós Zoltán (BMZ)	96.00
15810	Gáll Attila polgármeszter	10441	Gáll Attila  polgármester	96.00
15739	MKE Képzőművészet-elméleti Tanszék	10431	MKE Képzőművészet-elmélet tanszék	96.00
15732	MKE – Tervezőgrafika szakirány: Lakosi Krisztián	15722	MKE:Tervezőgrafika szakirány: Lakosi Krisztián	96.00
15634	Katharina Roters	10837	Katarina Roters	97.00
15563	Sinkó István  művészeti író	11730	Sinkó István   művészeti író	98.00
15429	Kovács Mári	12133	Kovács Mária	96.00
15334	Dr. Pogány Gábor	3876	Dr Pogány Gábor	97.00
15316	szervezők: tranzit. hu + szervezői csoport (Balazs Anna	14766	szervezők: ranzit. hu + szervezői csoport (Balázs Anna	97.00
15316	szervezők: tranzit. hu + szervezői csoport (Balazs Anna	14504	szervezők: tranzit. hu + szervezői csoport (Balázs Anna	98.00
15163	Szurcsik József - Munkácsy-díjas	14752	Szurcsik József Munkácsy-díjas	97.00
15150	A Magyar Elektrográfiai Társaság kiállítása	14845	Magyar Elektrográfiai Társaság kiállítása	98.00
14803	Szabó Gyula	5522	Szabó Gyula.	96.00
14766	szervezők: ranzit. hu + szervezői csoport (Balázs Anna	14504	szervezők: tranzit. hu + szervezői csoport (Balázs Anna	99.00
14708	Szakolczay Lajos József Attila-díjas irodalom- és	4330	Szakolczay Lajos József Attlia-díjas irodalom- és	98.00
14671	tranzit. hu+ szervezői csoport (Balazs Anna	14246	tranzit. hu+ szervezoi csoport (Balazs Anna	98.00
14581	Dr Szabó Lilla	4196	Dr. Szabó Lilla	97.00
14316	Kormos Mercedes	13513	Kormos Mercedesz	97.00
14217	Dr. Gálig Zoltán	890	Dr.Gálig Zoltán	97.00
13963	S. Nagy Katalin	7973	S.Nagy Katalin	97.00
13915	Lukácsi Nóra	11808	Lukács Nóra	96.00
13907	Mocsár Zsófia	12960	Mocsár Zsófi	96.00
13886	Dr. Dobrik István	13848	Dr.Dobrik István	97.00
13873	Dr. Kriza Ákos Miskolc polgármestere	12831	Dr. Kriza Ákos - Miskolc polgármestere	97.00
13872	Kiss Gábor  Miskolc alpolgármestere	13022	Kiss Gábor - Miskolc alpolgármestere	99.00
13711	Hemrich László művészeti	10939	Heimrich László művészeti	98.00
13702	Menesi Attila – Christoph Rauch	6644	Menesi Attila - Christoph Rauch	97.00
13702	Menesi Attila – Christoph Rauch	1593	Menesi Attila / Christoph Rauch	97.00
13677	Czimbalmos Márta Cedenka	11920	Czimbalmos Márta Cendenka	98.00
13677	Czimbalmos Márta Cedenka	11610	Cimbalmos Márta Cedenka	98.00
13516	Erőss István	5613	Erős István	96.00
13473	Agelus Iván	12910	Angelus Iván	96.00
13383	Szalkay Dávid	9038	Szalay Dávid	96.00
13383	Szalkay Dávid	5827	Szalay Dávid	96.00
13330	..és még sokan mások	13326	...és még sokan mások	98.00
13179	Alexander Kalachev	13165	Alexandr Kalachev	97.00
12950	Tillman J.A.	6176	Tillmann J.A.	96.00
12704	Dr. habil Kőnig Frigyes  a Magyar Képzőművészeti Egyetem rektora	11324	Dr. habil   Kőnig Frigyes a Magyar Képzőművészeti Egyetem rektora	98.00
12410	Köszöntőt mond dr. Bácskai János  Ferencváros polgármestere.	12237	Köszöntőt mond dr. Bácskai János  Ferencváros polgármestere	99.00
12288	Hajdu István	3068	Hajdu István:	96.00
11977	Yan Yeresko / Fehéroroszország	10417	Yan Yeresko  Fehéroroszország	98.00
11961	Kis Veronika Edit	11169	Kiss Veronika Edit	97.00
11920	Czimbalmos Márta Cendenka	11610	Cimbalmos Márta Cedenka	96.00
11892	Alexander Brener-Barbara Schurz	664	Alexander Brener&Barbara Schurz	97.00
11784	Nádudvari Noémi-	8598	Nádudvari Noémi	97.00
11754	Készman József	9909	Készman József 	97.00
11400	Koroknai  Zsolt	5076	Koroknai Zsolt	97.00
11314	Szkripka-Jávorszky Anasztázia	5968	-Szkripka-Jávorszky Anasztázia	98.00
11218	Nemes Csaba:	1033	Nemes Csaba	96.00
11099	Erőss István	5613	Erős István	96.00
11021	Rockenbauer Zoltán  PhD	10761	Rockenbauer Zoltán  .PhD	98.00
10674	Készman József	9909	Készman József 	97.00
10618	Süvecz Emese   tranzit.hu	8638	Süvecz Emese  tranzit.hu	98.00
10420	Süvecz Emese tranzit. hu	8638	Süvecz Emese  tranzit.hu	96.00
10268	Pdmaniczky Szilárd	8879	Podmaniczky Szilárd	97.00
10175	Kovács Panni	10097	Kovácsa Panni	96.00
10166	Dr. Keserű Katalin	4101	Dr.Keserű Katalin	97.00
10154	Bujdos Attila	9127	Bujdosó Attila	96.00
9923	Dr. Gálig Zoltán   a Szombathelyi Képtár igazgatója	9685	Dr. Gálig Zoltán  Szombathelyi Képtár igazgatója	97.00
9792	Budapesten élő MAMŰ-tagok	2416	Budapesten élő MAMŰ tagok	96.00
9701	Lawrence Weine	3841	Lawrence Weiner	97.00
9503	Tillmann J. A.	6176	Tillmann J.A.	96.00
9389	Dr. Salvatore Ettorre - a budapesti olasz kulturális intézet igazgatója	9311	Dr. Salvatore Ettorre - a Budapesti olasz kulturális intézet igazgatója	99.00
8948	Dr. Elisabeth Kornfeind  az Osztrák Kulturális Fórum igazgatója	8399	Dr. Elisabeth Kornfeind az Osztrák Kulturális Fórum igazgatója	99.00
8938	Mészáros Márta Millesime	4309	Mészáros Márta /Millesime	98.00
8841	L Menyhért László	3118	L. Menyhért László	97.00
8603	Dr.Schneider Márta kulturális szakállamtitkár	5845	Dr. Schneider Márta Kulturális szakállamtitkár	97.00
8549	Dr. Gálig Zoltán   képtár igazgató	8213	Dr. Gálig Zoltán  a képtár igazgatója	96.00
8359	SZALAI Attila	7302	SZALAI A ttila	96.00
8350	szlovák cseh és magyar művészek részvételével	8320	szlovák  cseh és magyar művészek részvételével	99.00
7764	Áfrány Gábor-Tóth Zs. Szabolcs	6671	Áfrány Gábor - Tóth Zs. Szabolcs	97.00
7524	Zsigmond Attila főigazgató	323	Zsigmond Attila igazgató	96.00
7502	Koroknai Zsolt (HU)	7483	Koroknai Zsolt(HU)	97.00
7375	Hajdu István	3068	Hajdu István:	96.00
7320	Bereczky Loránd  a Magyar Nemzeti Galéria főigazgatója	2596	Bereczky Loránd a Magyar Nemzeti Galéria főigazgatója	99.00
7197	Kettős Tamás	5667	Kettős Tamás:	96.00
7012	Pent Leditgrandt Emlékzenekar	6162	Pent Leditgrant Emlékzenekar	98.00
6825	Szépfalvi Ágnes	3595	zépfalvi Ágnes	97.00
6644	Menesi Attila - Christoph Rauch	1593	Menesi Attila / Christoph Rauch	97.00
6636	Francois Morellet	5540	Francoise Morellet	97.00
6597	Krizbai  Sándor	5081	Krizbai Sándor	97.00
6588	Jan van der Pol	422	Jan van der  Pol	97.00
6459	IMPEX - a KÖNYV	6449	IMPEX - a KÖNYV!	97.00
6338	Szűr-Szabó Józse	6330	Szűr-Szabó József	97.00
6198	Az Országos Széchényi Könyvtár főigazgatója	163	az Országos Széchényi Könyvtár főigazgatója	98.00
6021	Márta István	5965	Márta Istvá	96.00
6012	Raphaël Grisey  vetítése	6011	Raphael Grisey  vetítése	96.00
5965	Márta Istvá	4818	Márta István	96.00
5906	Més-záros István	2185	Mészáros István	97.00
5550	Emilio Villanova	4539	Emilio Vilanova	97.00
5347	L.Simon László	1763	L. Simon László	97.00
5220	a Francia Intézet igazgatóhelyettese	3352	a Francia Intézet igazgató helyettese	99.00
5189	Dr. Lénárd László	3281	Dr Lénárd László	97.00
5183	Gonda Tibor alpolgármester úr	5072	Gonda Tibor  alpolgármester úr	98.00
5015	Radó Gyula filmje	4940	Radó Gyula filmje:	97.00
4961	Mazzag Istvá	2965	Mazzag István	96.00
4824	Michal Kolecek	1525	Michail Kolecek	97.00
4602	a Magyar Képzőművészeti Egyetem végzős hallgatói	4488	A Magyar Képzőművészeti Egyetem végzős hallgatói	98.00
4565	Is-Is Randevú	4496	Is- Is Randevú	96.00
4531	a trencséni M. A. Bazovský Galéria igazgatója	3823	a trencséni M. A. Bazovský galéria igazgatója	98.00
4478	A Magyar Képzőművészeti Egyetem hallgatói	1635	A Magyar Képzőművészeti Egyetem  hallgatói	99.00
4352	Szociális és Esélyegyenlőégi Minisztérium	4347	Szociális és Esélyegyenlőségi Minisztérium	99.00
4311	Reményi Schmall Róza	4043	Reményi Schmal Róza	97.00
4311	Reményi Schmall Róza	3556	Reményi Schmal Róza	97.00
4279	Jean-Baptiste Naudy del Fat)	3647	Jean-Baptiste Naudy del Fat	98.00
4271	Andreas Fogarasi (AT)	4035	Andreas Fogarasi (A)	98.00
4113	Szilvássy Edit	3279	Szilvásy Edit	96.00
3395	Dr. Barabara Lee-Störck	2746	Dr. Barbara Lee-Störck	98.00
3291	Vértesi Ági.	2279	Vértesi Ági	96.00
3164	Prieger Zsolt (Anima Sound System)	2018	Prieger Zsolt (Anima Sound system)	97.00
3092	Simonyi Emő.	496	Simonyi Emő	96.00
3068	Hajdu István:	2089	Hajdu István	96.00
2230	Myriam Laplante (Olaszország)	2223	Myriam Laplante (Olaszorszag)	97.00
1411	Ivo Weber  (Köln)	1396	Ivo Weber (Köln)	97.00
